ID,Studio_ID
1,2
2,3
3,4
4,5
5,6
6,6
7,7
8,7
9,1
10,9
11,7
12,11
13,12
14,13
15,14
16,3
17,16
18,4
19,7
20,17
21,18
22,12
23,11
24,20
25,15
26,10
27,3
28,14
29,6
30,21
31,15
32,15
33,5
34,22
35,7
36,14
37,9
38,15
39,23
40,24
41,24
42,5
43,25
44,13
45,23
46,4
47,10
48,12
49,4
50,4
51,9
52,14
53,24
54,27
55,24
56,2
57,9
58,28
59,5
60,7
61,29
62,15
63,30
64,25
65,5
66,28
67,7
68,17
69,5
70,18
71,14
72,33
73,30
74,34
75,29
76,35
77,25
78,9
79,35
80,36
81,36
82,3
83,25
84,2
85,17
86,4
87,27
88,29
89,4
90,2
91,4
92,7
93,37
94,9
95,7
96,40
97,39
98,41
99,1
100,4
101,6
102,42
103,6
104,7
105,33
106,33
107,13
108,10
109,43
110,9
111,22
112,44
113,46
114,9
115,4
116,33
117,7
118,35
119,4
120,9
121,22
122,47
123,2
124,48
125,22
126,49
127,42
128,25
129,21
130,50
131,4
132,28
133,33
134,53
135,2
136,7
137,29
138,33
139,20
140,4
141,24
142,25
143,9
144,9
145,54
146,55
147,29
148,33
149,29
150,15
151,1
152,56
153,7
154,27
155,33
156,29
157,57
158,29
159,9
160,7
161,33
162,25
163,29
164,29
165,27
166,13
167,57
168,59
169,60
170,7
171,36
172,9
173,9
174,62
175,50
176,63
177,18
178,27
179,14
180,15
181,52
182,50
183,9
184,42
185,7
186,5
187,56
188,9
189,4
190,6
191,13
192,56
193,65
194,9
195,52
196,15
197,5
198,1
199,48
200,5
201,36
202,9
203,66
204,52
205,14
206,50
207,33
208,56
209,67
210,2
211,2
212,68
213,42
214,25
215,9
216,22
217,69
218,49
219,30
220,29
221,14
222,36
223,25
224,29
225,33
226,70
227,33
228,7
229,14
230,5
231,7
232,1
233,7
234,71
235,9
236,38
237,36
238,47
239,7
240,36
241,29
242,10
243,9
244,45
245,11
246,36
247,33
248,29
249,4
250,29
251,9
252,7
253,24
254,50
255,33
256,27
257,21
258,51
259,4
260,68
261,30
262,73
263,74
264,39
265,9
266,75
267,76
268,44
269,77
270,29
271,9
272,50
273,29
274,78
275,79
276,33
277,9
278,7
279,81
280,82
281,25
282,36
283,10
284,13
285,13
286,42
287,4
288,27
289,9
290,14
291,2
292,84
293,36
294,7
295,27
296,22
297,10
298,85
299,50
300,86
301,62
302,87
303,10
304,88
305,90
306,91
307,29
308,9
309,25
310,88
311,7
312,92
313,30
314,6
315,93
316,94
317,2
318,27
319,39
320,9
321,29
322,33
323,95
324,6
325,23
326,36
327,65
328,23
329,4
330,12
331,14
332,16
333,96
334,29
335,67
336,6
337,33
338,14
339,13
340,36
341,9
342,4
343,60
344,36
345,33
346,21
347,36
348,7
349,27
350,4
351,81
352,74
353,98
354,33
355,24
356,59
357,22
358,23
359,39
360,69
361,9
362,99
363,87
364,68
365,36
366,36
367,30
368,33
369,29
370,36
371,4
372,4
373,10
374,39
375,3
376,62
377,101
378,33
379,9
380,33
381,42
382,13
383,102
384,9
385,71
386,14
387,15
388,30
389,33
390,60
391,94
392,4
393,25
394,7
395,9
396,70
397,4
398,85
399,104
400,4
401,88
402,24
403,7
404,59
405,38
406,17
407,29
408,105
409,106
410,72
411,10
412,29
413,107
414,42
415,4
416,108
417,109
418,108
419,110
420,76
421,14
422,39
423,7
424,7
425,33
426,12
427,39
428,94
429,18
430,56
431,9
432,111
433,18
434,28
435,18
436,112
437,2
438,102
439,14
440,36
441,96
442,29
443,51
444,4
445,39
446,76
447,5
448,77
449,57
450,39
451,4
452,36
453,25
454,14
455,29
456,5
457,79
458,25
459,28
460,29
461,76
462,22
463,78
464,76
465,115
466,36
467,59
468,10
469,27
470,43
471,14
472,78
473,7
474,109
475,29
476,39
477,6
478,62
479,39
480,85
481,29
482,33
483,51
484,12
485,98
486,29
487,41
488,12
489,29
490,22
491,59
492,116
493,36
494,7
495,5
496,14
497,25
498,4
499,117
500,73
501,9
502,11
503,53
504,96
505,21
506,108
507,118
508,119
509,40
510,77
511,22
512,2
513,39
514,47
515,51
516,89
517,121
518,10
519,4
520,122
521,59
522,89
523,6
524,4
525,99
526,27
527,116
528,33
529,22
530,123
531,4
532,10
533,36
534,27
535,52
536,17
537,76
538,30
539,88
540,111
541,38
542,5
543,36
544,10
545,96
546,2
547,14
548,100
549,2
550,125
551,29
552,100
553,22
554,113
555,9
556,69
557,33
558,11
559,33
560,14
561,59
562,47
563,126
564,7
565,85
566,36
567,9
568,127
569,14
570,28
571,49
572,65
573,29
574,29
575,128
576,83
577,2
578,129
579,62
580,13
581,79
582,39
583,4
584,105
585,36
586,130
587,27
588,76
589,131
590,14
591,30
592,47
593,10
594,18
595,120
596,36
597,21
598,36
599,78
600,39
601,106
602,102
603,78
604,23
605,134
606,121
607,99
608,14
609,4
610,5
611,135
612,109
613,36
614,136
615,33
616,36
617,14
618,52
619,33
620,29
621,9
622,9
623,10
624,29
625,137
626,10
627,4
628,76
629,138
630,61
631,38
632,79
633,30
634,139
635,60
636,33
637,98
638,24
639,33
640,30
641,7
642,40
643,36
644,138
645,75
646,29
647,102
648,90
649,59
650,74
651,79
652,50
653,47
654,33
655,29
656,29
657,9
658,7
659,76
660,141
661,36
662,51
663,56
664,131
665,140
666,65
667,142
668,27
669,143
670,121
671,65
672,51
673,36
674,113
675,59
676,9
677,33
678,6
679,144
680,10
681,33
682,74
683,15
684,9
685,100
686,11
687,27
688,17
689,36
690,145
691,59
692,36
693,146
694,76
695,59
696,60
697,27
698,73
699,29
700,76
701,30
702,18
703,107
704,33
705,2
706,143
707,14
708,101
709,102
710,100
711,120
712,33
713,21
714,41
715,14
716,36
717,73
718,25
719,38
720,27
721,79
722,76
723,85
724,9
725,30
726,33
727,134
728,30
729,119
730,78
731,9
732,9
733,148
734,120
735,33
736,57
737,33
738,121
739,9
740,109
741,36
742,98
743,94
744,149
745,75
746,30
747,27
748,101
749,9
750,56
751,108
752,33
753,12
754,78
755,69
756,36
757,6
758,10
759,137
760,150
761,78
762,45
763,38
764,106
765,151
766,152
767,137
768,30
769,98
770,6
771,40
772,109
773,108
774,29
775,53
776,13
777,76
778,29
779,75
780,30
781,30
782,75
783,14
784,7
785,36
786,153
787,39
788,9
789,154
790,41
791,156
792,36
793,40
794,33
795,36
796,108
797,158
798,59
799,160
800,101
801,14
802,29
803,24
804,143
805,14
806,33
807,36
808,112
809,30
810,4
811,116
812,27
813,25
814,60
815,69
816,96
817,76
818,14
819,75
820,38
821,98
822,75
823,73
824,2
825,39
826,14
827,12
828,98
829,6
830,109
831,36
832,36
833,85
834,38
835,119
836,21
837,147
838,118
839,162
840,71
841,36
842,14
843,147
844,38
845,10
846,13
847,7
848,38
849,29
850,4
851,163
852,88
853,10
854,164
855,10
856,7
857,122
858,75
859,62
860,35
861,78
862,33
863,36
864,152
865,14
866,33
867,74
868,11
869,14
870,17
871,38
872,30
873,36
874,80
875,113
876,169
877,135
878,73
879,90
880,2
881,4
882,6
883,60
884,147
885,89
886,7
887,98
888,138
889,47
890,33
891,9
892,98
893,120
894,9
895,33
896,76
897,2
898,85
899,171
900,9
901,13
902,13
903,29
904,172
905,65
906,147
907,128
908,173
909,174
910,151
911,151
912,175
913,166
914,56
915,12
916,22
917,42
918,125
919,51
920,29
921,4
922,116
923,176
924,14
925,29
926,121
927,29
928,14
929,115
930,14
931,33
932,149
933,21
934,177
935,10
936,33
937,36
938,85
939,135
940,38
941,38
942,90
943,12
944,141
945,17
946,79
947,178
948,14
949,59
950,179
951,11
952,41
953,79
954,6
955,101
956,118
957,180
958,6
959,12
960,60
961,38
962,78
963,85
964,60
965,38
966,108
967,131
968,63
969,98
970,86
971,24
972,5
973,27
974,30
975,143
976,4
977,36
978,25
979,60
980,25
981,59
982,14
983,131
984,143
985,183
986,38
987,184
988,27
989,2
990,88
991,2
992,178
993,65
994,30
995,14
996,13
997,38
998,15
999,29
1000,33
1001,7
1002,7
1003,36
1004,7
1005,143
1006,2
1007,65
1008,38
1009,121
1010,9
1011,78
1012,185
1013,90
1014,12
1015,13
1016,36
1017,180
1018,60
1019,143
1020,186
1021,10
1022,38
1023,39
1024,120
1025,143
1026,4
1027,84
1028,105
1029,98
1030,14
1031,187
1032,33
1033,85
1034,147
1035,33
1036,62
1037,38
1038,141
1039,4
1040,39
1041,28
1042,91
1043,13
1044,5
1045,86
1046,2
1047,14
1048,2
1049,30
1050,149
1051,79
1052,188
1053,101
1054,167
1055,6
1056,190
1057,36
1058,120
1059,178
1060,79
1061,191
1062,65
1063,29
1064,192
1065,33
1066,38
1067,30
1068,59
1069,117
1070,10
1071,33
1072,143
1073,193
1074,36
1075,85
1076,29
1077,39
1078,36
1079,141
1080,33
1081,194
1082,2
1083,79
1084,51
1085,36
1086,27
1087,11
1088,36
1089,25
1090,9
1091,85
1092,6
1093,36
1094,14
1095,36
1096,1
1097,195
1098,39
1099,130
1100,6
1101,90
1102,196
1103,78
1104,29
1105,144
1106,76
1107,197
1108,56
1109,76
1110,180
1111,73
1112,145
1113,75
1114,177
1115,36
1116,9
1117,71
1118,72
1119,14
1120,10
1121,9
1122,65
1123,2
1124,38
1125,27
1126,2
1127,75
1128,1
1129,5
1130,27
1131,29
1132,189
1133,6
1134,149
1135,2
1136,36
1137,98
1138,141
1139,9
1140,59
1141,98
1142,178
1143,108
1144,52
1145,62
1146,85
1147,14
1148,38
1149,200
1150,90
1151,27
1152,9
1153,149
1154,169
1155,109
1156,33
1157,135
1158,36
1159,201
1160,185
1161,36
1162,4
1163,5
1164,59
1165,78
1166,111
1167,71
1168,39
1169,104
1170,202
1171,203
1172,29
1173,88
1174,38
1175,56
1176,36
1177,14
1178,25
1179,122
1180,25
1181,47
1182,25
1183,70
1184,38
1185,90
1186,7
1187,166
1188,206
1189,131
1190,123
1191,65
1192,40
1193,39
1194,11
1195,2
1196,49
1197,36
1198,202
1199,138
1200,4
1201,36
1202,39
1203,90
1204,78
1205,7
1206,14
1207,38
1208,21
1209,98
1210,14
1211,14
1212,39
1213,33
1214,149
1215,162
1216,1
1217,53
1218,33
1219,33
1220,90
1221,98
1222,104
1223,33
1224,29
1225,189
1226,9
1227,177
1228,36
1229,145
1230,91
1231,11
1232,38
1233,149
1234,79
1235,25
1236,2
1237,27
1238,53
1239,33
1240,85
1241,29
1242,36
1243,39
1244,208
1245,9
1246,2
1247,75
1248,209
1249,7
1250,33
1251,160
1252,87
1253,23
1254,33
1255,98
1256,36
1257,174
1258,210
1259,41
1260,33
1261,38
1262,36
1263,76
1264,62
1265,30
1266,212
1267,39
1268,65
1269,27
1270,27
1271,9
1272,14
1273,116
1274,33
1275,60
1276,149
1277,75
1278,100
1279,14
1280,27
1281,33
1282,88
1283,38
1284,45
1285,6
1286,75
1287,59
1288,9
1289,33
1290,14
1291,143
1292,39
1293,215
1294,108
1295,88
1296,25
1297,102
1298,101
1299,95
1300,145
1301,14
1302,1
1303,36
1304,75
1305,80
1306,108
1307,6
1308,218
1309,36
1310,9
1311,36
1312,59
1313,140
1314,14
1315,25
1316,14
1317,7
1318,131
1319,188
1320,219
1321,135
1322,59
1323,13
1324,39
1325,14
1326,39
1327,73
1328,41
1329,220
1330,14
1331,36
1332,143
1333,29
1334,14
1335,29
1336,9
1337,122
1338,33
1339,102
1340,12
1341,27
1342,33
1343,9
1344,29
1345,6
1346,85
1347,24
1348,29
1349,76
1350,27
1351,14
1352,29
1353,9
1354,14
1355,14
1356,220
1357,160
1358,176
1359,141
1360,81
1361,149
1362,13
1363,99
1364,163
1365,62
1366,109
1367,184
1368,136
1369,9
1370,116
1371,10
1372,41
1373,11
1374,38
1375,80
1376,33
1377,58
1378,13
1379,33
1380,7
1381,14
1382,33
1383,9
1384,223
1385,13
1386,2
1387,38
1388,27
1389,175
1390,140
1391,36
1392,38
1393,36
1394,39
1395,79
1396,160
1397,13
1398,36
1399,224
1400,10
1401,43
1402,33
1403,141
1404,175
1405,27
1406,39
1407,33
1408,38
1409,2
1410,61
1411,77
1412,10
1413,143
1414,65
1415,113
1416,225
1417,226
1418,33
1419,29
1420,61
1421,29
1422,11
1423,39
1424,7
1425,33
1426,137
1427,65
1428,184
1429,87
1430,78
1431,136
1432,1
1433,10
1434,117
1435,65
1436,192
1437,53
1438,185
1439,75
1440,208
1441,62
1442,56
1443,95
1444,82
1445,2
1446,2
1447,36
1448,38
1449,38
1450,36
1451,53
1452,140
1453,228
1454,65
1455,30
1456,6
1457,85
1458,105
1459,11
1460,7
1461,41
1462,7
1463,22
1464,39
1465,56
1466,70
1467,50
1468,14
1469,79
1470,38
1471,12
1472,160
1473,36
1474,75
1475,149
1476,99
1477,38
1478,56
1479,160
1480,7
1481,39
1482,4
1483,90
1484,51
1485,79
1486,7
1487,40
1488,11
1489,33
1490,85
1491,39
1492,143
1493,62
1494,29
1495,2
1496,62
1497,11
1498,27
1499,14
1500,88
1501,88
1502,151
1503,35
1504,7
1505,2
1506,63
1507,39
1508,38
1509,98
1510,231
1511,218
1512,73
1513,232
1514,39
1515,56
1516,113
1517,134
1518,156
1519,11
1520,147
1521,29
1522,128
1523,24
1524,98
1525,29
1526,233
1527,143
1528,39
1529,11
1530,185
1531,38
1532,217
1533,131
1534,149
1535,198
1536,25
1537,79
1538,82
1539,143
1540,20
1541,95
1542,104
1543,143
1544,39
1545,179
1546,223
1547,174
1548,9
1549,39
1550,8
1551,38
1552,79
1553,14
1554,14
1555,24
1556,2
1557,140
1558,11
1559,24
1560,39
1561,33
1562,90
1563,38
1564,75
1565,13
1566,65
1567,79
1568,36
1569,35
1570,38
1571,14
1572,14
1573,7
1574,39
1575,39
1576,147
1577,178
1578,143
1579,2
1580,1
1581,36
1582,60
1583,166
1584,14
1585,75
1586,36
1587,39
1588,29
1589,2
1590,143
1591,108
1592,7
1593,144
1594,160
1595,51
1596,13
1597,151
1598,21
1599,39
1600,38
1601,75
1602,18
1603,51
1604,2
1605,98
1606,236
1607,29
1608,237
1609,75
1610,216
1611,36
1612,38
1613,79
1614,59
1615,51
1616,33
1617,29
1618,79
1619,85
1620,79
1621,14
1622,182
1623,33
1624,101
1625,51
1626,7
1627,160
1628,41
1629,74
1630,30
1631,7
1632,67
1633,149
1634,39
1635,33
1636,75
1637,80
1638,73
1639,39
1640,39
1641,33
1642,39
1643,44
1644,33
1645,53
1646,237
1647,71
1648,53
1649,75
1650,27
1651,49
1652,27
1653,3
1654,93
1655,39
1656,29
1657,143
1658,138
1659,2
1660,6
1661,63
1662,58
1663,27
1664,238
1665,30
1666,36
1667,146
1668,239
1669,39
1670,21
1671,7
1672,29
1673,39
1674,14
1675,9
1676,160
1677,86
1678,2
1679,36
1680,62
1681,39
1682,27
1683,39
1684,38
1685,38
1686,88
1687,38
1688,73
1689,102
1690,2
1691,2
1692,134
1693,143
1694,38
1695,38
1696,166
1697,33
1698,75
1699,33
1700,2
1701,152
1702,79
1703,44
1704,204
1705,38
1706,66
1707,61
1708,25
1709,36
1710,75
1711,93
1712,9
1713,2
1714,38
1715,192
1716,143
1717,39
1718,29
1719,242
1720,14
1721,65
1722,133
1723,75
1724,9
1725,109
1726,38
1727,36
1728,38
1729,38
1730,33
1731,29
1732,33
1733,4
1734,39
1735,166
1736,233
1737,36
1738,38
1739,13
1740,247
1741,248
1742,81
1743,249
1744,38
1745,2
1746,98
1747,4
1748,28
1749,33
1750,51
1751,69
1752,250
1753,251
1754,74
1755,147
1756,51
1757,4
1758,254
1759,84
1760,65
1761,33
1762,35
1763,208
1764,73
1765,38
1766,25
1767,73
1768,29
1769,33
1770,163
1771,134
1772,256
1773,14
1774,4
1775,120
1776,2
1777,4
1778,10
1779,8
1780,14
1781,29
1782,194
1783,27
1784,39
1785,39
1786,98
1787,38
1788,149
1789,41
1790,3
1791,43
1792,39
1793,38
1794,141
1795,33
1796,2
1797,163
1798,7
1799,4
1800,258
1801,51
1802,2
1803,38
1804,30
1805,9
1806,11
1807,101
1808,43
1809,9
1810,10
1811,143
1812,132
1813,36
1814,36
1815,109
1816,10
1817,62
1818,90
1819,25
1820,7
1821,13
1822,81
1823,260
1824,36
1825,7
1826,196
1827,98
1828,11
1829,262
1830,99
1831,27
1832,65
1833,65
1834,14
1835,14
1836,14
1837,22
1838,8
1839,85
1840,14
1841,38
1842,11
1843,85
1844,90
1845,263
1846,71
1847,33
1848,14
1849,15
1850,264
1851,265
1852,8
1853,13
1854,38
1855,223
1856,151
1857,38
1858,25
1859,36
1860,39
1861,156
1862,146
1863,266
1864,267
1865,38
1866,7
1867,25
1868,2
1869,39
1870,27
1871,149
1872,264
1873,268
1874,236
1875,33
1876,36
1877,39
1878,33
1879,43
1880,175
1881,13
1882,24
1883,21
1884,39
1885,269
1886,51
1887,6
1888,27
1889,39
1890,270
1891,271
1892,15
1893,14
1894,39
1895,36
1896,85
1897,98
1898,109
1899,65
1900,113
1901,131
1902,38
1903,28
1904,33
1905,38
1906,14
1907,98
1908,75
1909,149
1910,39
1911,33
1912,58
1913,9
1914,138
1915,18
1916,10
1917,120
1918,2
1919,38
1920,143
1921,160
1922,143
1923,91
1924,24
1925,62
1926,177
1927,59
1928,39
1929,14
1930,36
1931,262
1932,228
1933,44
1934,204
1935,30
1936,27
1937,123
1938,9
1939,149
1940,12
1941,59
1942,29
1943,56
1944,9
1945,35
1946,27
1947,14
1948,33
1949,75
1950,33
1951,22
1952,4
1953,14
1954,216
1955,2
1956,9
1957,117
1958,27
1959,41
1960,39
1961,51
1962,65
1963,38
1964,40
1965,100
1966,36
1967,123
1968,2
1969,14
1970,21
1971,25
1972,33
1973,274
1974,98
1975,38
1976,72
1977,15
1978,98
1979,76
1980,143
1981,56
1982,268
1983,120
1984,38
1985,260
1986,33
1987,25
1988,93
1989,53
1990,53
1991,2
1992,277
1993,204
1994,24
1995,22
1996,75
1997,60
1998,137
1999,14
2000,39
2001,10
2002,81
2003,78
2004,29
2005,38
2006,164
2007,265
2008,9
2009,14
2010,101
2011,36
2012,12
2013,117
2014,25
2015,14
2016,73
2017,59
2018,14
2019,36
2020,256
2021,53
2022,123
2023,27
2024,279
2025,280
2026,63
2027,241
2028,9
2029,33
2030,175
2031,25
2032,52
2033,33
2034,11
2035,90
2036,7
2037,12
2038,138
2039,98
2040,14
2041,133
2042,7
2043,38
2044,163
2045,282
2046,62
2047,39
2048,283
2049,51
2050,38
2051,88
2052,78
2053,93
2054,39
2055,1
2056,98
2057,79
2058,143
2059,138
2060,59
2061,29
2062,228
2063,85
2064,73
2065,14
2066,123
2067,10
2068,9
2069,166
2070,135
2071,41
2072,180
2073,284
2074,53
2075,25
2076,117
2077,138
2078,9
2079,98
2080,4
2081,216
2082,2
2083,25
2084,149
2085,38
2086,79
2087,79
2088,285
2089,14
2090,38
2091,90
2092,2
2093,7
2094,30
2095,12
2096,15
2097,39
2098,189
2099,117
2100,2
2101,54
2102,11
2103,55
2104,38
2105,88
2106,36
2107,286
2108,287
2109,65
2110,15
2111,38
2112,72
2113,27
2114,166
2115,75
2116,70
2117,59
2118,2
2119,39
2120,289
2121,67
2122,38
2123,262
2124,138
2125,38
2126,79
2127,38
2128,7
2129,4
2130,73
2131,1
2132,263
2133,113
2134,75
2135,290
2136,27
2137,33
2138,27
2139,160
2140,36
2141,71
2142,75
2143,163
2144,75
2145,73
2146,24
2147,62
2148,39
2149,38
2150,10
2151,39
2152,29
2153,39
2154,65
2155,33
2156,29
2157,85
2158,63
2159,113
2160,39
2161,28
2162,74
2163,33
2164,291
2165,147
2166,28
2167,293
2168,2
2169,36
2170,284
2171,30
2172,260
2173,69
2174,25
2175,56
2176,294
2177,250
2178,56
2179,14
2180,143
2181,210
2182,30
2183,14
2184,9
2185,236
2186,38
2187,297
2188,110
2189,298
2190,29
2191,9
2192,291
2193,295
2194,33
2195,4
2196,149
2197,9
2198,33
2199,299
2200,33
2201,27
2202,14
2203,38
2204,38
2205,40
2206,36
2207,39
2208,75
2209,30
2210,39
2211,73
2212,27
2213,38
2214,99
2215,33
2216,14
2217,65
2218,39
2219,69
2220,36
2221,143
2222,163
2223,7
2224,204
2225,9
2226,38
2227,65
2228,149
2229,54
2230,69
2231,88
2232,15
2233,131
2234,41
2235,174
2236,53
2237,24
2238,299
2239,14
2240,39
2241,78
2242,38
2243,149
2244,14
2245,9
2246,9
2247,164
2248,14
2249,65
2250,14
2251,4
2252,21
2253,62
2254,304
2255,59
2256,65
2257,100
2258,36
2259,21
2260,306
2261,69
2262,79
2263,291
2264,2
2265,25
2266,38
2267,162
2268,307
2269,308
2270,143
2271,98
2272,15
2273,117
2274,291
2275,38
2276,39
2277,204
2278,257
2279,14
2280,309
2281,65
2282,216
2283,59
2284,38
2285,149
2286,7
2287,84
2288,7
2289,198
2290,36
2291,30
2292,27
2293,163
2294,149
2295,59
2296,38
2297,311
2298,9
2299,38
2300,39
2301,74
2302,85
2303,13
2304,11
2305,65
2306,7
2307,285
2308,65
2309,85
2310,313
2311,69
2312,11
2313,2
2314,70
2315,69
2316,314
2317,315
2318,73
2319,147
2320,316
2321,2
2322,317
2323,147
2324,75
2325,38
2326,35
2327,9
2328,35
2329,33
2330,88
2331,67
2332,38
2333,38
2334,318
2335,101
2336,33
2337,2
2338,2
2339,14
2340,319
2341,112
2342,14
2343,147
2344,131
2345,38
2346,226
2347,98
2348,274
2349,44
2350,9
2351,14
2352,9
2353,190
2354,72
2355,219
2356,313
2357,173
2358,21
2359,73
2360,38
2361,39
2362,38
2363,38
2364,56
2365,79
2366,80
2367,320
2368,52
2369,91
2370,27
2371,59
2372,14
2373,33
2374,321
2375,2
2376,208
2377,33
2378,11
2379,123
2380,36
2381,33
2382,85
2383,75
2384,69
2385,14
2386,38
2387,24
2388,123
2389,75
2390,36
2391,53
2392,28
2393,121
2394,56
2395,60
2396,322
2397,38
2398,12
2399,47
2400,8
2401,9
2402,7
2403,33
2404,90
2405,95
2406,54
2407,136
2408,291
2409,33
2410,56
2411,39
2412,113
2413,60
2414,65
2415,14
2416,53
2417,324
2418,38
2419,9
2420,27
2421,2
2422,14
2423,216
2424,30
2425,65
2426,180
2427,287
2428,38
2429,49
2430,14
2431,84
2432,30
2433,90
2434,2
2435,138
2436,65
2437,39
2438,56
2439,69
2440,56
2441,12
2442,33
2443,117
2444,2
2445,4
2446,50
2447,33
2448,236
2449,14
2450,39
2451,325
2452,38
2453,36
2454,120
2455,138
2456,38
2457,138
2458,143
2459,44
2460,149
2461,41
2462,79
2463,215
2464,56
2465,39
2466,2
2467,183
2468,262
2469,33
2470,30
2471,50
2472,39
2473,74
2474,56
2475,9
2476,75
2477,142
2478,166
2479,189
2480,90
2481,28
2482,38
2483,113
2484,10
2485,327
2486,7
2487,38
2488,75
2489,14
2490,38
2491,29
2492,38
2493,2
2494,29
2495,151
2496,73
2497,36
2498,7
2499,2
2500,14
2501,38
2502,120
2503,79
2504,53
2505,230
2506,242
2507,27
2508,38
2509,73
2510,56
2511,163
2512,298
2513,73
2514,79
2515,33
2516,9
2517,75
2518,101
2519,120
2520,25
2521,33
2522,50
2523,28
2524,2
2525,36
2526,38
2527,143
2528,188
2529,67
2530,4
2531,260
2532,38
2533,14
2534,6
2535,33
2536,143
2537,85
2538,120
2539,85
2540,204
2541,330
2542,331
2543,6
2544,143
2545,65
2546,101
2547,39
2548,38
2549,268
2550,22
2551,332
2552,216
2553,38
2554,38
2555,257
2556,38
2557,2
2558,237
2559,78
2560,101
2561,70
2562,334
2563,14
2564,94
2565,33
2566,335
2567,325
2568,14
2569,77
2570,188
2571,82
2572,7
2573,14
2574,4
2575,9
2576,52
2577,38
2578,14
2579,337
2580,39
2581,61
2582,38
2583,143
2584,56
2585,166
2586,14
2587,166
2588,27
2589,78
2590,27
2591,76
2592,6
2593,6
2594,75
2595,73
2596,46
2597,74
2598,27
2599,38
2600,12
2601,65
2602,2
2603,98
2604,90
2605,39
2606,38
2607,232
2608,59
2609,41
2610,340
2611,164
2612,36
2613,218
2614,59
2615,79
2616,99
2617,12
2618,132
2619,62
2620,38
2621,38
2622,71
2623,136
2624,341
2625,299
2626,9
2627,342
2628,65
2629,198
2630,1
2631,39
2632,39
2633,38
2634,122
2635,90
2636,342
2637,144
2638,75
2639,116
2640,2
2641,28
2642,344
2643,344
2644,50
2645,38
2646,101
2647,55
2648,30
2649,203
2650,59
2651,120
2652,65
2653,2
2654,39
2655,192
2656,38
2657,27
2658,205
2659,4
2660,39
2661,70
2662,38
2663,63
2664,100
2665,346
2666,39
2667,257
2668,9
2669,166
2670,299
2671,33
2672,2
2673,38
2674,13
2675,52
2676,38
2677,38
2678,7
2679,62
2680,74
2681,117
2682,29
2683,244
2684,143
2685,143
2686,53
2687,38
2688,53
2689,108
2690,38
2691,38
2692,2
2693,216
2694,30
2695,60
2696,65
2697,38
2698,80
2699,347
2700,29
2701,35
2702,85
2703,144
2704,160
2705,39
2706,14
2707,39
2708,85
2709,123
2710,38
2711,215
2712,101
2713,53
2714,167
2715,98
2716,9
2717,158
2718,216
2719,2
2720,39
2721,39
2722,98
2723,52
2724,69
2725,216
2726,98
2727,41
2728,38
2729,166
2730,39
2731,350
2732,54
2733,233
2734,258
2735,39
2736,9
2737,31
2738,9
2739,39
2740,90
2741,39
2742,88
2743,285
2744,2
2745,47
2746,27
2747,51
2748,274
2749,163
2750,353
2751,354
2752,39
2753,136
2754,38
2755,122
2756,137
2757,29
2758,74
2759,352
2760,62
2761,25
2762,82
2763,47
2764,50
2765,147
2766,287
2767,15
2768,27
2769,38
2770,90
2771,27
2772,2
2773,38
2774,56
2775,357
2776,39
2777,112
2778,342
2779,14
2780,25
2781,16
2782,38
2783,358
2784,38
2785,14
2786,7
2787,299
2788,127
2789,62
2790,33
2791,36
2792,62
2793,4
2794,30
2795,65
2796,38
2797,122
2798,113
2799,14
2800,75
2801,100
2802,14
2803,122
2804,298
2805,5
2806,38
2807,56
2808,101
2809,61
2810,39
2811,38
2812,29
2813,2
2814,69
2815,53
2816,11
2817,73
2818,164
2819,9
2820,29
2821,39
2822,97
2823,9
2824,166
2825,2
2826,4
2827,38
2828,75
2829,164
2830,54
2831,21
2832,79
2833,59
2834,56
2835,2
2836,56
2837,79
2838,14
2839,360
2840,30
2841,75
2842,38
2843,361
2844,274
2845,174
2846,82
2847,14
2848,10
2849,39
2850,38
2851,138
2852,188
2853,38
2854,38
2855,13
2856,364
2857,18
2858,38
2859,346
2860,38
2861,344
2862,39
2863,74
2864,38
2865,365
2866,38
2867,38
2868,38
2869,149
2870,366
2871,54
2872,367
2873,9
2874,56
2875,14
2876,195
2877,14
2878,368
2879,365
2880,38
2881,60
2882,90
2883,122
2884,36
2885,88
2886,206
2887,262
2888,75
2889,38
2890,38
2891,80
2892,62
2893,33
2894,38
2895,371
2896,2
2897,39
2898,372
2899,14
2900,143
2901,38
2902,75
2903,373
2904,36
2905,285
2906,65
2907,258
2908,75
2909,36
2910,2
2911,36
2912,98
2913,374
2914,39
2915,353
2916,149
2917,33
2918,319
2919,27
2920,38
2921,141
2922,82
2923,101
2924,88
2925,39
2926,284
2927,52
2928,14
2929,27
2930,101
2931,268
2932,38
2933,375
2934,226
2935,14
2936,38
2937,254
2938,14
2939,56
2940,38
2941,38
2942,39
2943,36
2944,297
2945,297
2946,36
2947,12
2948,7
2949,38
2950,272
2951,46
2952,377
2953,38
2954,56
2955,38
2956,73
2957,58
2958,147
2959,33
2960,25
2961,378
2962,4
2963,75
2964,38
2965,38
2966,372
2967,216
2968,38
2969,275
2970,38
2971,39
2972,9
2973,36
2974,60
2975,9
2976,379
2977,30
2978,263
2979,39
2980,27
2981,27
2982,335
2983,38
2984,38
2985,98
2986,38
2987,380
2988,27
2989,59
2990,2
2991,71
2992,38
2993,56
2994,73
2995,14
2996,325
2997,7
2998,262
2999,109
3000,33
3001,38
3002,166
3003,25
3004,85
3005,263
3006,29
3007,14
3008,122
3009,38
3010,307
3011,381
3012,65
3013,27
3014,143
3015,79
3016,14
3017,101
3018,226
3019,214
3020,33
3021,47
3022,56
3023,15
3024,36
3025,2
3026,41
3027,36
3028,122
3029,183
3030,9
3031,18
3032,14
3033,36
3034,9
3035,33
3036,38
3037,38
3038,382
3039,38
3040,38
3041,53
3042,196
3043,7
3044,65
3045,38
3046,90
3047,38
3048,36
3049,38
3050,38
3051,38
3052,216
3053,38
3054,172
3055,39
3056,56
3057,268
3058,138
3059,383
3060,38
3061,39
3062,98
3063,14
3064,358
3065,384
3066,39
3067,39
3068,146
3069,39
3070,14
3071,9
3072,14
3073,297
3074,54
3075,143
3076,38
3077,85
3078,14
3079,14
3080,27
3081,28
3082,74
3083,5
3084,113
3085,2
3086,75
3087,2
3088,258
3089,77
3090,14
3091,12
3092,48
3093,27
3094,58
3095,59
3096,94
3097,216
3098,218
3099,53
3100,14
3101,2
3102,65
3103,56
3104,35
3105,14
3106,351
3107,14
3108,60
3109,36
3110,389
3111,39
3112,14
3113,390
3114,73
3115,38
3116,38
3117,90
3118,2
3119,143
3120,122
3121,143
3122,287
3123,39
3124,33
3125,33
3126,54
3127,101
3128,149
3129,2
3130,75
3131,39
3132,393
3133,33
3134,335
3135,9
3136,27
3137,98
3138,27
3139,38
3140,2
3141,76
3142,38
3143,38
3144,38
3145,39
3146,18
3147,280
3148,136
3149,28
3150,27
3151,65
3152,79
3153,291
3154,38
3155,39
3156,29
3157,38
3158,352
3159,30
3160,59
3161,343
3162,14
3163,98
3164,36
3165,219
3166,394
3167,38
3168,27
3169,299
3170,15
3171,39
3172,39
3173,38
3174,38
3175,353
3176,56
3177,268
3178,351
3179,90
3180,73
3181,69
3182,75
3183,33
3184,14
3185,38
3186,38
3187,65
3188,14
3189,14
3190,395
3191,116
3192,33
3193,65
3194,274
3195,67
3196,38
3197,361
3198,13
3199,9
3200,29
3201,59
3202,65
3203,70
3204,374
3205,71
3206,60
3207,358
3208,222
3209,263
3210,33
3211,140
3212,212
3213,166
3214,398
3215,90
3216,119
3217,39
3218,25
3219,299
3220,6
3221,91
3222,14
3223,16
3224,70
3225,9
3226,27
3227,65
3228,80
3229,7
3230,90
3231,33
3232,117
3233,65
3234,381
3235,27
3236,65
3237,399
3238,180
3239,29
3240,38
3241,101
3242,2
3243,74
3244,59
3245,14
3246,39
3247,4
3248,400
3249,156
3250,162
3251,14
3252,27
3253,38
3254,325
3255,14
3256,79
3257,27
3258,47
3259,401
3260,177
3261,30
3262,402
3263,33
3264,403
3265,69
3266,39
3267,182
3268,4
3269,2
3270,116
3271,404
3272,285
3273,218
3274,95
3275,9
3276,137
3277,280
3278,146
3279,73
3280,38
3281,38
3282,163
3283,405
3284,136
3285,38
3286,39
3287,406
3288,138
3289,257
3290,297
3291,407
3292,268
3293,132
3294,291
3295,62
3296,164
3297,116
3298,325
3299,9
3300,122
3301,90
3302,216
3303,33
3304,65
3305,41
3306,95
3307,143
3308,27
3309,58
3310,9
3311,79
3312,41
3313,38
3314,33
3315,39
3316,73
3317,59
3318,39
3319,54
3320,65
3321,36
3322,38
3323,56
3324,27
3325,411
3326,27
3327,62
3328,14
3329,56
3330,4
3331,15
3332,226
3333,358
3334,85
3335,137
3336,38
3337,141
3338,52
3339,274
3340,291
3341,33
3342,38
3343,39
3344,291
3345,313
3346,79
3347,358
3348,33
3349,39
3350,88
3351,39
3352,412
3353,14
3354,14
3355,413
3356,235
3357,14
3358,101
3359,39
3360,24
3361,33
3362,9
3363,344
3364,39
3365,38
3366,414
3367,65
3368,216
3369,33
3370,7
3371,14
3372,27
3373,280
3374,74
3375,38
3376,38
3377,38
3378,14
3379,62
3380,180
3381,193
3382,2
3383,25
3384,38
3385,75
3386,173
3387,193
3388,164
3389,149
3390,38
3391,375
3392,38
3393,38
3394,38
3395,15
3396,417
3397,2
3398,123
3399,14
3400,260
3401,216
3402,166
3403,383
3404,120
3405,39
3406,65
3407,353
3408,418
3409,38
3410,80
3411,4
3412,189
3413,143
3414,208
3415,66
3416,38
3417,109
3418,197
3419,21
3420,316
3421,181
3422,39
3423,38
3424,122
3425,14
3426,419
3427,117
3428,39
3429,90
3430,29
3431,73
3432,160
3433,75
3434,39
3435,14
3436,58
3437,12
3438,27
3439,38
3440,38
3441,181
3442,285
3443,53
3444,7
3445,11
3446,38
3447,289
3448,9
3449,188
3450,39
3451,76
3452,39
3453,9
3454,420
3455,79
3456,65
3457,47
3458,38
3459,2
3460,73
3461,27
3462,141
3463,143
3464,132
3465,421
3466,29
3467,101
3468,422
3469,204
3470,85
3471,98
3472,198
3473,7
3474,166
3475,147
3476,47
3477,33
3478,178
3479,96
3480,39
3481,90
3482,9
3483,166
3484,39
3485,59
3486,176
3487,2
3488,30
3489,80
3490,54
3491,36
3492,38
3493,123
3494,425
3495,39
3496,117
3497,372
3498,281
3499,132
3500,60
3501,428
3502,65
3503,71
3504,166
3505,2
3506,38
3507,39
3508,299
3509,33
3510,108
3511,38
3512,38
3513,58
3514,38
3515,38
3516,39
3517,163
3518,9
3519,132
3520,353
3521,120
3522,39
3523,268
3524,33
3525,38
3526,33
3527,74
3528,22
3529,14
3530,158
3531,90
3532,72
3533,15
3534,27
3535,79
3536,39
3537,174
3538,430
3539,14
3540,256
3541,75
3542,2
3543,27
3544,289
3545,33
3546,75
3547,14
3548,158
3549,2
3550,2
3551,2
3552,11
3553,257
3554,285
3555,283
3556,46
3557,36
3558,373
3559,101
3560,205
3561,97
3562,39
3563,14
3564,132
3565,56
3566,38
3567,215
3568,39
3569,431
3570,219
3571,432
3572,6
3573,38
3574,38
3575,39
3576,116
3577,29
3578,120
3579,39
3580,38
3581,33
3582,65
3583,73
3584,27
3585,80
3586,166
3587,56
3588,289
3589,166
3590,138
3591,141
3592,38
3593,258
3594,38
3595,14
3596,14
3597,2
3598,36
3599,158
3600,38
3601,90
3602,62
3603,254
3604,53
3605,435
3606,291
3607,132
3608,38
3609,189
3610,436
3611,166
3612,2
3613,59
3614,437
3615,41
3616,268
3617,423
3618,358
3619,38
3620,143
3621,38
3622,54
3623,438
3624,122
3625,39
3626,86
3627,38
3628,65
3629,38
3630,439
3631,73
3632,38
3633,440
3634,65
3635,15
3636,56
3637,74
3638,130
3639,38
3640,2
3641,38
3642,442
3643,79
3644,38
3645,122
3646,443
3647,137
3648,327
3649,10
3650,444
3651,9
3652,29
3653,30
3654,146
3655,38
3656,383
3657,38
3658,38
3659,25
3660,38
3661,27
3662,38
3663,30
3664,295
3665,56
3666,143
3667,33
3668,9
3669,149
3670,65
3671,445
3672,372
3673,98
3674,109
3675,2
3676,297
3677,77
3678,38
3679,446
3680,41
3681,38
3682,38
3683,30
3684,40
3685,149
3686,14
3687,38
3688,56
3689,9
3690,447
3691,9
3692,39
3693,65
3694,54
3695,2
3696,90
3697,216
3698,74
3699,233
3700,139
3701,136
3702,216
3703,38
3704,79
3705,147
3706,11
3707,38
3708,2
3709,402
3710,38
3711,101
3712,90
3713,259
3714,368
3715,138
3716,358
3717,116
3718,14
3719,38
3720,38
3721,27
3722,449
3723,24
3724,233
3725,38
3726,35
3727,38
3728,39
3729,14
3730,122
3731,284
3732,38
3733,143
3734,412
3735,38
3736,39
3737,143
3738,33
3739,151
3740,202
3741,85
3742,62
3743,147
3744,117
3745,258
3746,108
3747,38
3748,27
3749,39
3750,210
3751,9
3752,38
3753,80
3754,38
3755,450
3756,279
3757,85
3758,2
3759,185
3760,56
3761,36
3762,74
3763,268
3764,25
3765,29
3766,90
3767,39
3768,38
3769,132
3770,132
3771,41
3772,451
3773,38
3774,84
3775,79
3776,120
3777,33
3778,452
3779,453
3780,38
3781,14
3782,36
3783,73
3784,143
3785,25
3786,90
3787,137
3788,82
3789,143
3790,38
3791,53
3792,378
3793,54
3794,90
3795,30
3796,80
3797,143
3798,39
3799,143
3800,454
3801,13
3802,40
3803,38
3804,322
3805,291
3806,38
3807,40
3808,54
3809,70
3810,38
3811,14
3812,47
3813,38
3814,219
3815,24
3816,456
3817,33
3818,38
3819,33
3820,59
3821,105
3822,10
3823,25
3824,38
3825,24
3826,14
3827,439
3828,344
3829,56
3830,38
3831,39
3832,2
3833,38
3834,38
3835,38
3836,33
3837,56
3838,381
3839,117
3840,27
3841,39
3842,457
3843,38
3844,2
3845,117
3846,56
3847,14
3848,38
3849,291
3850,2
3851,59
3852,63
3853,14
3854,132
3855,216
3856,366
3857,123
3858,143
3859,38
3860,136
3861,75
3862,36
3863,90
3864,90
3865,90
3866,29
3867,58
3868,65
3869,9
3870,132
3871,73
3872,38
3873,90
3874,38
3875,38
3876,38
3877,38
3878,18
3879,38
3880,58
3881,2
3882,78
3883,79
3884,9
3885,62
3886,103
3887,56
3888,56
3889,87
3890,36
3891,38
3892,65
3893,9
3894,104
3895,14
3896,33
3897,460
3898,14
3899,44
3900,65
3901,14
3902,219
3903,90
3904,73
3905,38
3906,38
3907,90
3908,38
3909,132
3910,65
3911,58
3912,143
3913,461
3914,14
3915,38
3916,98
3917,120
3918,79
3919,38
3920,249
3921,103
3922,33
3923,38
3924,132
3925,38
3926,2
3927,38
3928,80
3929,58
3930,38
3931,59
3932,64
3933,8
3934,262
3935,38
3936,38
3937,2
3938,65
3939,56
3940,38
3941,38
3942,56
3943,38
3944,117
3945,358
3946,39
3947,38
3948,41
3949,29
3950,39
3951,38
3952,38
3953,9
3954,39
3955,41
3956,38
3957,144
3958,131
3959,74
3960,65
3961,38
3962,78
3963,334
3964,149
3965,2
3966,196
3967,463
3968,116
3969,180
3970,216
3971,33
3972,189
3973,7
3974,65
3975,166
3976,235
3977,14
3978,36
3979,38
3980,73
3981,368
3982,38
3983,38
3984,69
3985,14
3986,39
3987,39
3988,7
3989,73
3990,465
3991,400
3992,38
3993,2
3994,59
3995,24
3996,1
3997,38
3998,279
3999,38
4000,263
4001,65
4002,153
4003,63
4004,73
4005,155
4006,132
4007,39
4008,143
4009,29
4010,38
4011,122
4012,147
4013,38
4014,291
4015,38
4016,39
4017,233
4018,98
4019,63
4020,39
4021,38
4022,74
4023,216
4024,98
4025,7
4026,25
4027,65
4028,38
4029,132
4030,358
4031,38
4032,39
4033,166
4034,9
4035,38
4036,56
4037,146
4038,291
4039,36
4040,38
4041,52
4042,28
4043,268
4044,38
4045,467
4046,38
4047,38
4048,468
4049,143
4050,39
4051,65
4052,38
4053,38
4054,38
4055,132
4056,38
4057,96
4058,143
4059,116
4060,27
4061,1
4062,219
4063,133
4064,38
4065,163
4066,33
4067,38
4068,117
4069,30
4070,38
4071,166
4072,401
4073,469
4074,38
4075,222
4076,50
4077,39
4078,272
4079,101
4080,47
4081,2
4082,39
4083,47
4084,38
4085,38
4086,65
4087,105
4088,343
4089,38
4090,38
4091,133
4092,7
4093,38
4094,29
4095,35
4096,28
4097,38
4098,352
4099,168
4100,38
4101,216
4102,72
4103,299
4104,38
4105,65
4106,228
4107,38
4108,73
4109,166
4110,38
4111,38
4112,358
4113,471
4114,38
4115,28
4116,73
4117,472
4118,149
4119,218
4120,216
4121,38
4122,39
4123,14
4124,254
4125,39
4126,38
4127,38
4128,116
4129,75
4130,333
4131,176
4132,62
4133,113
4134,33
4135,96
4136,122
4137,101
4138,27
4139,38
4140,168
4141,473
4142,2
4143,53
4144,53
4145,58
4146,38
4147,54
4148,33
4149,401
4150,347
4151,291
4152,216
4153,38
4154,38
4155,14
4156,39
4157,11
4158,38
4159,14
4160,62
4161,38
4162,33
4163,46
4164,289
4165,13
4166,38
4167,38
4168,91
4169,291
4170,476
4171,166
4172,74
4173,14
4174,117
4175,30
4176,477
4177,90
4178,36
4179,297
4180,38
4181,65
4182,36
4183,36
4184,120
4185,2
4186,378
4187,38
4188,358
4189,444
4190,143
4191,27
4192,27
4193,38
4194,38
4195,39
4196,9
4197,38
4198,38
4199,2
4200,38
4201,291
4202,38
4203,38
4204,222
4205,39
4206,188
4207,73
4208,14
4209,18
4210,38
4211,73
4212,41
4213,29
4214,147
4215,290
4216,2
4217,38
4218,14
4219,38
4220,479
4221,164
4222,65
4223,480
4224,47
4225,481
4226,38
4227,38
4228,56
4229,65
4230,402
4231,27
4232,52
4233,255
4234,38
4235,219
4236,312
4237,430
4238,33
4239,2
4240,38
4241,38
4242,312
4243,140
4244,120
4245,33
4246,101
4247,39
4248,98
4249,325
4250,357
4251,38
4252,39
4253,56
4254,38
4255,61
4256,38
4257,38
4258,104
4259,38
4260,350
4261,101
4262,2
4263,38
4264,53
4265,16
4266,56
4267,39
4268,41
4269,59
4270,101
4271,38
4272,38
4273,95
4274,38
4275,38
4276,38
4277,38
4278,38
4279,98
4280,38
4281,9
4282,75
4283,87
4284,154
4285,141
4286,188
4287,9
4288,75
4289,10
4290,484
4291,189
4292,137
4293,143
4294,36
4295,2
4296,29
4297,56
4298,138
4299,38
4300,180
4301,257
4302,485
4303,40
4304,27
4305,39
4306,39
4307,190
4308,486
4309,239
4310,143
4311,75
4312,65
4313,350
4314,54
4315,59
4316,39
4317,38
4318,374
4319,90
4320,38
4321,63
4322,39
4323,38
4324,36
4325,101
4326,74
4327,56
4328,116
4329,14
4330,56
4331,14
4332,401
4333,39
4334,51
4335,488
4336,63
4337,108
4338,56
4339,52
4340,137
4341,38
4342,233
4343,38
4344,28
4345,485
4346,132
4347,9
4348,158
4349,38
4350,188
4351,489
4352,75
4353,75
4354,325
4355,29
4356,73
4357,30
4358,38
4359,138
4360,85
4361,33
4362,149
4363,27
4364,52
4365,120
4366,14
4367,6
4368,198
4369,98
4370,2
4371,154
4372,201
4373,30
4374,291
4375,75
4376,39
4377,38
4378,38
4379,88
4380,56
4381,358
4382,38
4383,38
4384,56
4385,232
4386,47
4387,157
4388,33
4389,14
4390,36
4391,38
4392,2
4393,132
4394,450
4395,38
4396,73
4397,13
4398,143
4399,195
4400,52
4401,1
4402,120
4403,216
4404,222
4405,56
4406,33
4407,122
4408,73
4409,85
4410,56
4411,98
4412,137
4413,38
4414,12
4415,36
4416,90
4417,39
4418,38
4419,38
4420,9
4421,14
4422,116
4423,338
4424,73
4425,491
4426,74
4427,58
4428,9
4429,40
4430,38
4431,59
4432,38
4433,132
4434,492
4435,36
4436,7
4437,38
4438,38
4439,493
4440,358
4441,90
4442,249
4443,90
4444,38
4445,24
4446,39
4447,27
4448,163
4449,33
4450,38
4451,494
4452,97
4453,2
4454,495
4455,9
4456,14
4457,27
4458,233
4459,69
4460,38
4461,62
4462,268
4463,38
4464,485
4465,38
4466,33
4467,166
4468,73
4469,39
4470,73
4471,9
4472,133
4473,201
4474,56
4475,291
4476,38
4477,122
4478,212
4479,2
4480,268
4481,38
4482,38
4483,1
4484,14
4485,39
4486,497
4487,336
4488,235
4489,297
4490,498
4491,14
4492,98
4493,9
4494,38
4495,56
4496,499
4497,95
4498,38
4499,38
4500,38
4501,14
4502,56
4503,39
4504,299
4505,87
4506,75
4507,80
4508,38
4509,39
4510,27
4511,98
4512,13
4513,14
4514,2
4515,474
4516,312
4517,9
4518,9
4519,39
4520,65
4521,142
4522,132
4523,132
4524,101
4525,164
4526,38
4527,56
4528,291
4529,33
4530,9
4531,38
4532,58
4533,56
4534,27
4535,500
4536,39
4537,222
4538,56
4539,38
4540,6
4541,56
4542,95
4543,74
4544,262
4545,472
4546,27
4547,14
4548,2
4549,149
4550,56
4551,39
4552,501
4553,85
4554,39
4555,74
4556,39
4557,14
4558,2
4559,14
4560,454
4561,294
4562,33
4563,216
4564,79
4565,44
4566,36
4567,38
4568,2
4569,38
4570,38
4571,35
4572,38
4573,9
4574,418
4575,73
4576,143
4577,38
4578,258
4579,9
4580,38
4581,14
4582,38
4583,38
4584,38
4585,38
4586,473
4587,11
4588,14
4589,188
4590,224
4591,33
4592,38
4593,502
4594,222
4595,9
4596,75
4597,9
4598,38
4599,2
4600,176
4601,402
4602,27
4603,343
4604,98
4605,38
4606,4
4607,25
4608,222
4609,73
4610,38
4611,14
4612,75
4613,2
4614,38
4615,74
4616,38
4617,56
4618,38
4619,38
4620,24
4621,74
4622,120
4623,38
4624,99
4625,7
4626,6
4627,393
4628,56
4629,98
4630,7
4631,163
4632,39
4633,9
4634,4
4635,38
4636,41
4637,9
4638,367
4639,79
4640,401
4641,156
4642,39
4643,29
4644,38
4645,30
4646,224
4647,147
4648,2
4649,503
4650,38
4651,2
4652,39
4653,38
4654,38
4655,504
4656,38
4657,143
4658,113
4659,143
4660,38
4661,14
4662,39
4663,96
4664,85
4665,50
4666,101
4667,85
4668,9
4669,35
4670,212
4671,38
4672,180
4673,56
4674,33
4675,281
4676,28
4677,38
4678,38
4679,73
4680,189
4681,14
4682,58
4683,2
4684,29
4685,73
4686,85
4687,38
4688,216
4689,29
4690,189
4691,38
4692,258
4693,60
4694,420
4695,90
4696,38
4697,38
4698,149
4699,38
4700,216
4701,325
4702,56
4703,188
4704,233
4705,96
4706,285
4707,51
4708,27
4709,163
4710,9
4711,132
4712,38
4713,38
4714,507
4715,38
4716,38
4717,38
4718,508
4719,39
4720,38
4721,33
4722,38
4723,38
4724,38
4725,38
4726,244
4727,156
4728,393
4729,149
4730,59
4731,27
4732,511
4733,52
4734,38
4735,143
4736,108
4737,38
4738,150
4739,387
4740,38
4741,157
4742,39
4743,164
4744,158
4745,7
4746,9
4747,141
4748,39
4749,62
4750,36
4751,137
4752,151
4753,58
4754,30
4755,47
4756,12
4757,147
4758,361
4759,272
4760,39
4761,132
4762,62
4763,38
4764,2
4765,38
4766,38
4767,38
4768,38
4769,512
4770,80
4771,90
4772,291
4773,513
4774,56
4775,39
4776,141
4777,188
4778,514
4779,38
4780,64
4781,258
4782,38
4783,2
4784,38
4785,90
4786,79
4787,515
4788,96
4789,15
4790,2
4791,262
4792,2
4793,516
4794,291
4795,115
4796,149
4797,27
4798,33
4799,16
4800,417
4801,345
4802,372
4803,7
4804,14
4805,55
4806,132
4807,30
4808,386
4809,258
4810,38
4811,39
4812,30
4813,14
4814,33
4815,517
4816,132
4817,73
4818,36
4819,480
4820,69
4821,41
4822,50
4823,38
4824,96
4825,143
4826,38
4827,257
4828,7
4829,116
4830,90
4831,73
4832,7
4833,38
4834,147
4835,512
4836,39
4837,38
4838,219
4839,38
4840,67
4841,138
4842,98
4843,75
4844,117
4845,71
4846,395
4847,27
4848,144
4849,73
4850,258
4851,38
4852,36
4853,132
4854,479
4855,108
4856,108
4857,38
4858,38
4859,519
4860,38
4861,98
4862,239
4863,59
4864,188
4865,132
4866,324
4867,244
4868,480
4869,58
4870,128
4871,73
4872,38
4873,216
4874,258
4875,38
4876,29
4877,39
4878,291
4879,401
4880,2
4881,274
4882,38
4883,36
4884,345
4885,38
4886,38
4887,140
4888,38
4889,480
4890,38
4891,29
4892,36
4893,79
4894,2
4895,11
4896,36
4897,30
4898,214
4899,39
4900,120
4901,2
4902,521
4903,38
4904,73
4905,15
4906,38
4907,6
4908,36
4909,38
4910,38
4911,58
4912,358
4913,361
4914,472
4915,74
4916,33
4917,156
4918,38
4919,268
4920,291
4921,166
4922,85
4923,33
4924,38
4925,62
4926,38
4927,73
4928,38
4929,257
4930,38
4931,38
4932,60
4933,14
4934,41
4935,226
4936,244
4937,27
4938,196
4939,38
4940,523
4941,14
4942,33
4943,150
4944,39
4945,38
4946,222
4947,73
4948,69
4949,63
4950,244
4951,298
4952,166
4953,99
4954,289
4955,39
4956,80
4957,38
4958,9
4959,285
4960,90
4961,101
4962,524
4963,39
4964,38
4965,38
4966,38
4967,25
4968,14
4969,189
4970,14
4971,38
4972,219
4973,285
4974,38
4975,276
4976,79
4977,222
4978,152
4979,14
4980,250
4981,38
4982,166
4983,38
4984,478
4985,173
4986,525
4987,38
4988,65
4989,38
4990,56
4991,14
4992,47
4993,149
4994,38
4995,39
4996,75
4997,527
4998,258
4999,98
5000,69
5001,38
5002,233
5003,29
5004,39
5005,14
5006,95
5007,400
5008,65
5009,73
5010,95
5011,258
5012,130
5013,364
5014,293
5015,25
5016,65
5017,137
5018,188
5019,38
5020,515
5021,38
5022,25
5023,38
5024,529
5025,73
5026,38
5027,25
5028,38
5029,14
5030,38
5031,216
5032,12
5033,73
5034,65
5035,38
5036,160
5037,38
5038,38
5039,189
5040,74
5041,39
5042,531
5043,2
5044,11
5045,39
5046,36
5047,38
5048,218
5049,36
5050,143
5051,258
5052,71
5053,517
5054,38
5055,216
5056,74
5057,122
5058,38
5059,56
5060,4
5061,256
5062,7
5063,132
5064,52
5065,46
5066,9
5067,73
5068,65
5069,39
5070,38
5071,14
5072,36
5073,38
5074,52
5075,154
5076,14
5077,216
5078,166
5079,297
5080,533
5081,357
5082,38
5083,38
5084,38
5085,73
5086,226
5087,35
5088,173
5089,14
5090,38
5091,33
5092,535
5093,185
5094,7
5095,56
5096,12
5097,537
5098,416
5099,38
5100,38
5101,134
5102,101
5103,39
5104,56
5105,285
5106,539
5107,65
5108,56
5109,132
5110,95
5111,216
5112,14
5113,98
5114,166
5115,39
5116,540
5117,39
5118,14
5119,268
5120,38
5121,38
5122,91
5123,132
5124,216
5125,166
5126,322
5127,132
5128,38
5129,9
5130,358
5131,420
5132,36
5133,293
5134,38
5135,235
5136,370
5137,338
5138,38
5139,61
5140,258
5141,513
5142,38
5143,358
5144,36
5145,216
5146,29
5147,101
5148,39
5149,38
5150,166
5151,9
5152,242
5153,402
5154,296
5155,120
5156,9
5157,39
5158,39
5159,256
5160,38
5161,65
5162,117
5163,101
5164,481
5165,216
5166,35
5167,38
5168,38
5169,293
5170,14
5171,40
5172,541
5173,38
5174,325
5175,38
5176,73
5177,39
5178,85
5179,542
5180,28
5181,74
5182,36
5183,38
5184,395
5185,38
5186,218
5187,38
5188,423
5189,222
5190,38
5191,122
5192,216
5193,58
5194,291
5195,420
5196,9
5197,59
5198,132
5199,72
5200,85
5201,222
5202,543
5203,39
5204,14
5205,154
5206,131
5207,285
5208,274
5209,38
5210,166
5211,38
5212,90
5213,38
5214,420
5215,33
5216,182
5217,2
5218,56
5219,217
5220,545
5221,30
5222,73
5223,38
5224,287
5225,91
5226,268
5227,54
5228,73
5229,73
5230,75
5231,29
5232,90
5233,419
5234,334
5235,14
5236,98
5237,547
5238,75
5239,38
5240,163
5241,38
5242,547
5243,548
5244,219
5245,79
5246,80
5247,39
5248,402
5249,285
5250,216
5251,351
5252,38
5253,38
5254,132
5255,38
5256,39
5257,39
5258,73
5259,59
5260,1
5261,113
5262,549
5263,39
5264,258
5265,14
5266,137
5267,166
5268,13
5269,550
5270,39
5271,337
5272,22
5273,551
5274,358
5275,133
5276,38
5277,14
5278,35
5279,38
5280,38
5281,285
5282,2
5283,268
5284,8
5285,52
5286,39
5287,547
5288,25
5289,158
5290,552
5291,132
5292,80
5293,2
5294,91
5295,85
5296,14
5297,14
5298,553
5299,40
5300,75
5301,38
5302,38
5303,74
5304,274
5305,72
5306,9
5307,216
5308,554
5309,347
5310,9
5311,98
5312,132
5313,39
5314,38
5315,38
5316,216
5317,56
5318,555
5319,65
5320,2
5321,33
5322,2
5323,38
5324,38
5325,521
5326,216
5327,9
5328,36
5329,166
5330,38
5331,556
5332,219
5333,38
5334,71
5335,58
5336,14
5337,27
5338,166
5339,65
5340,2
5341,39
5342,14
5343,36
5344,164
5345,38
5346,385
5347,2
5348,35
5349,35
5350,127
5351,29
5352,54
5353,38
5354,6
5355,38
5356,557
5357,252
5358,38
5359,56
5360,38
5361,258
5362,2
5363,13
5364,40
5365,136
5366,27
5367,7
5368,222
5369,117
5370,61
5371,39
5372,73
5373,38
5374,47
5375,38
5376,99
5377,27
5378,98
5379,338
5380,143
5381,166
5382,10
5383,38
5384,132
5385,38
5386,358
5387,53
5388,65
5389,90
5390,2
5391,38
5392,39
5393,208
5394,16
5395,14
5396,56
5397,216
5398,73
5399,39
5400,39
5401,38
5402,485
5403,158
5404,65
5405,28
5406,65
5407,56
5408,558
5409,361
5410,7
5411,7
5412,402
5413,9
5414,476
5415,458
5416,96
5417,72
5418,233
5419,127
5420,2
5421,98
5422,210
5423,38
5424,38
5425,2
5426,53
5427,38
5428,14
5429,132
5430,559
5431,33
5432,53
5433,98
5434,65
5435,2
5436,97
5437,108
5438,99
5439,38
5440,216
5441,97
5442,73
5443,132
5444,52
5445,41
5446,38
5447,541
5448,173
5449,33
5450,364
5451,39
5452,62
5453,38
5454,380
5455,222
5456,198
5457,549
5458,63
5459,38
5460,289
5461,38
5462,343
5463,343
5464,56
5465,38
5466,38
5467,56
5468,222
5469,100
5470,50
5471,39
5472,39
5473,2
5474,90
5475,560
5476,38
5477,216
5478,196
5479,101
5480,233
5481,98
5482,101
5483,92
5484,334
5485,465
5486,38
5487,201
5488,166
5489,2
5490,347
5491,473
5492,38
5493,376
5494,80
5495,14
5496,33
5497,99
5498,196
5499,38
5500,38
5501,137
5502,14
5503,196
5504,289
5505,50
5506,2
5507,563
5508,33
5509,78
5510,132
5511,564
5512,4
5513,565
5514,65
5515,29
5516,262
5517,74
5518,36
5519,168
5520,138
5521,14
5522,384
5523,322
5524,216
5525,38
5526,41
5527,334
5528,9
5529,30
5530,38
5531,35
5532,58
5533,33
5534,33
5535,324
5536,33
5537,39
5538,30
5539,132
5540,272
5541,75
5542,222
5543,188
5544,80
5545,52
5546,38
5547,79
5548,274
5549,27
5550,39
5551,252
5552,40
5553,218
5554,47
5555,29
5556,39
5557,285
5558,400
5559,298
5560,279
5561,38
5562,2
5563,33
5564,262
5565,73
5566,38
5567,178
5568,130
5569,127
5570,188
5571,132
5572,39
5573,149
5574,38
5575,63
5576,356
5577,38
5578,77
5579,33
5580,143
5581,38
5582,65
5583,120
5584,166
5585,33
5586,52
5587,151
5588,38
5589,175
5590,56
5591,30
5592,33
5593,180
5594,36
5595,36
5596,38
5597,95
5598,36
5599,85
5600,216
5601,19
5602,30
5603,9
5604,274
5605,38
5606,108
5607,154
5608,9
5609,39
5610,27
5611,258
5612,173
5613,69
5614,38
5615,41
5616,29
5617,52
5618,59
5619,105
5620,29
5621,38
5622,244
5623,156
5624,2
5625,38
5626,19
5627,285
5628,566
5629,173
5630,158
5631,143
5632,38
5633,567
5634,345
5635,143
5636,370
5637,73
5638,41
5639,30
5640,38
5641,166
5642,82
5643,14
5644,65
5645,568
5646,120
5647,2
5648,492
5649,65
5650,38
5651,196
5652,291
5653,500
5654,188
5655,140
5656,38
5657,39
5658,73
5659,127
5660,143
5661,38
5662,137
5663,2
5664,113
5665,50
5666,285
5667,36
5668,334
5669,39
5670,73
5671,50
5672,36
5673,38
5674,38
5675,168
5676,250
5677,33
5678,38
5679,108
5680,121
5681,14
5682,39
5683,58
5684,73
5685,36
5686,143
5687,38
5688,168
5689,38
5690,56
5691,61
5692,143
5693,38
5694,414
5695,8
5696,4
5697,476
5698,158
5699,196
5700,9
5701,285
5702,39
5703,62
5704,62
5705,485
5706,563
5707,61
5708,13
5709,143
5710,33
5711,8
5712,569
5713,29
5714,38
5715,38
5716,417
5717,38
5718,54
5719,291
5720,90
5721,570
5722,39
5723,343
5724,289
5725,38
5726,123
5727,258
5728,222
5729,268
5730,39
5731,498
5732,260
5733,38
5734,33
5735,180
5736,572
5737,180
5738,9
5739,143
5740,39
5741,132
5742,2
5743,393
5744,401
5745,53
5746,38
5747,18
5748,6
5749,9
5750,233
5751,38
5752,27
5753,527
5754,63
5755,117
5756,41
5757,36
5758,38
5759,36
5760,36
5761,574
5762,56
5763,65
5764,33
5765,39
5766,14
5767,38
5768,38
5769,509
5770,216
5771,27
5772,274
5773,9
5774,38
5775,127
5776,33
5777,481
5778,143
5779,101
5780,417
5781,33
5782,466
5783,180
5784,38
5785,14
5786,132
5787,79
5788,143
5789,408
5790,75
5791,38
5792,39
5793,39
5794,38
5795,575
5796,72
5797,166
5798,132
5799,291
5800,116
5801,143
5802,272
5803,138
5804,39
5805,500
5806,121
5807,576
5808,160
5809,46
5810,36
5811,38
5812,198
5813,4
5814,98
5815,39
5816,10
5817,73
5818,38
5819,73
5820,55
5821,38
5822,73
5823,38
5824,38
5825,65
5826,73
5827,136
5828,39
5829,291
5830,38
5831,6
5832,82
5833,39
5834,258
5835,38
5836,298
5837,99
5838,38
5839,38
5840,79
5841,36
5842,9
5843,198
5844,224
5845,38
5846,158
5847,461
5848,7
5849,9
5850,216
5851,258
5852,38
5853,298
5854,99
5855,38
5856,38
5857,79
5858,36
5859,9
5860,198
5861,224
5862,38
5863,158
5864,461
5865,7
5866,9
5867,216
5868,393
5869,132
5870,38
5871,117
5872,65
5873,14
5874,38
5875,47
5876,127
5877,137
5878,202
5879,438
5880,58
5881,33
5882,38
5883,578
5884,38
5885,97
5886,265
5887,222
5888,29
5889,132
5890,38
5891,2
5892,9
5893,56
5894,166
5895,189
5896,308
5897,14
5898,196
5899,56
5900,95
5901,579
5902,132
5903,29
5904,75
5905,29
5906,39
5907,38
5908,322
5909,98
5910,29
5911,173
5912,527
5913,412
5914,182
5915,36
5916,38
5917,33
5918,53
5919,247
5920,196
5921,41
5922,56
5923,28
5924,61
5925,38
5926,56
5927,38
5928,59
5929,132
5930,2
5931,72
5932,4
5933,39
5934,257
5935,30
5936,149
5937,38
5938,101
5939,164
5940,85
5941,188
5942,54
5943,65
5944,98
5945,72
5946,75
5947,14
5948,65
5949,85
5950,166
5951,166
5952,14
5953,33
5954,14
5955,56
5956,85
5957,120
5958,1
5959,38
5960,285
5961,196
5962,9
5963,319
5964,375
5965,38
5966,166
5967,73
5968,11
5969,38
5970,338
5971,38
5972,56
5973,75
5974,137
5975,105
5976,45
5977,116
5978,59
5979,127
5980,38
5981,580
5982,38
5983,47
5984,11
5985,361
5986,12
5987,143
5988,36
5989,38
5990,79
5991,226
5992,38
5993,131
5994,30
5995,196
5996,75
5997,14
5998,156
5999,351
6000,216
6001,73
6002,38
6003,65
6004,262
6005,222
6006,38
6007,132
6008,38
6009,143
6010,25
6011,216
6012,73
6013,9
6014,2
6015,358
6016,285
6017,325
6018,196
6019,38
6020,27
6021,29
6022,92
6023,131
6024,13
6025,7
6026,168
6027,188
6028,14
6029,33
6030,528
6031,143
6032,137
6033,9
6034,239
6035,36
6036,9
6037,132
6038,370
6039,291
6040,289
6041,38
6042,38
6043,38
6044,38
6045,137
6046,56
6047,33
6048,38
6049,38
6050,258
6051,14
6052,143
6053,14
6054,85
6055,5
6056,38
6057,216
6058,39
6059,9
6060,39
6061,116
6062,38
6063,38
6064,38
6065,73
6066,136
6067,117
6068,143
6069,73
6070,130
6071,29
6072,39
6073,14
6074,340
6075,75
6076,22
6077,36
6078,285
6079,293
6080,244
6081,297
6082,358
6083,584
6084,38
6085,38
6086,52
6087,14
6088,49
6089,585
6090,122
6091,27
6092,2
6093,143
6094,38
6095,422
6096,96
6097,7
6098,505
6099,547
6100,38
6101,104
6102,231
6103,2
6104,69
6105,65
6106,163
6107,130
6108,10
6109,38
6110,9
6111,476
6112,30
6113,173
6114,412
6115,2
6116,180
6117,575
6118,38
6119,39
6120,239
6121,39
6122,149
6123,38
6124,406
6125,70
6126,36
6127,203
6128,29
6129,132
6130,38
6131,547
6132,443
6133,586
6134,59
6135,38
6136,132
6137,132
6138,500
6139,38
6140,222
6141,198
6142,589
6143,8
6144,143
6145,9
6146,33
6147,38
6148,38
6149,56
6150,41
6151,36
6152,116
6153,38
6154,143
6155,590
6156,38
6157,38
6158,158
6159,156
6160,156
6161,132
6162,173
6163,38
6164,38
6165,90
6166,154
6167,39
6168,505
6169,99
6170,85
6171,80
6172,132
6173,65
6174,591
6175,62
6176,39
6177,71
6178,38
6179,143
6180,50
6181,38
6182,88
6183,7
6184,73
6185,196
6186,148
6187,17
6188,38
6189,589
6190,538
6191,5
6192,36
6193,498
6194,38
6195,247
6196,566
6197,461
6198,123
6199,543
6200,113
6201,143
6202,268
6203,38
6204,39
6205,38
6206,15
6207,395
6208,36
6209,30
6210,39
6211,113
6212,63
6213,222
6214,38
6215,38
6216,117
6217,65
6218,255
6219,530
6220,54
6221,120
6222,1
6223,80
6224,38
6225,36
6226,592
6227,216
6228,52
6229,73
6230,132
6231,47
6232,196
6233,7
6234,75
6235,198
6236,104
6237,117
6238,442
6239,56
6240,80
6241,38
6242,38
6243,584
6244,593
6245,535
6246,219
6247,265
6248,27
6249,33
6250,39
6251,33
6252,38
6253,38
6254,594
6255,595
6256,75
6257,33
6258,188
6259,65
6260,143
6261,38
6262,15
6263,143
6264,41
6265,164
6266,133
6267,72
6268,143
6269,38
6270,90
6271,206
6272,38
6273,198
6274,38
6275,152
6276,38
6277,9
6278,96
6279,117
6280,241
6281,402
6282,586
6283,423
6284,490
6285,268
6286,255
6287,137
6288,9
6289,164
6290,461
6291,515
6292,132
6293,137
6294,596
6295,216
6296,383
6297,36
6298,306
6299,38
6300,38
6301,9
6302,62
6303,63
6304,38
6305,88
6306,158
6307,27
6308,65
6309,597
6310,4
6311,452
6312,268
6313,39
6314,75
6315,299
6316,259
6317,289
6318,38
6319,52
6320,222
6321,224
6322,27
6323,56
6324,101
6325,372
6326,38
6327,38
6328,120
6329,75
6330,38
6331,25
6332,6
6333,8
6334,38
6335,123
6336,33
6337,598
6338,53
6339,108
6340,132
6341,30
6342,599
6343,334
6344,410
6345,73
6346,4
6347,9
6348,27
6349,164
6350,368
6351,143
6352,39
6353,38
6354,72
6355,38
6356,218
6357,216
6358,158
6359,574
6360,56
6361,41
6362,27
6363,9
6364,600
6365,9
6366,38
6367,4
6368,206
6369,163
6370,38
6371,38
6372,14
6373,38
6374,304
6375,56
6376,38
6377,38
6378,351
6379,38
6380,216
6381,216
6382,38
6383,289
6384,39
6385,120
6386,143
6387,38
6388,490
6389,7
6390,132
6391,38
6392,38
6393,128
6394,38
6395,198
6396,585
6397,38
6398,484
6399,594
6400,399
6401,38
6402,51
6403,601
6404,104
6405,105
6406,143
6407,38
6408,509
6409,113
6410,2
6411,461
6412,56
6413,72
6414,38
6415,38
6416,132
6417,38
6418,73
6419,56
6420,2
6421,132
6422,25
6423,306
6424,602
6425,293
6426,38
6427,38
6428,2
6429,73
6430,38
6431,351
6432,580
6433,39
6434,603
6435,30
6436,9
6437,173
6438,205
6439,132
6440,132
6441,38
6442,29
6443,65
6444,149
6445,39
6446,334
6447,17
6448,105
6449,99
6450,38
6451,38
6452,122
6453,38
6454,39
6455,168
6456,137
6457,38
6458,38
6459,38
6460,53
6461,38
6462,36
6463,65
6464,73
6465,74
6466,38
6467,491
6468,38
6469,39
6470,38
6471,509
6472,313
6473,272
6474,38
6475,38
6476,33
6477,36
6478,27
6479,38
6480,25
6481,38
6482,161
6483,105
6484,36
6485,289
6486,29
6487,298
6488,38
6489,38
6490,39
6491,547
6492,39
6493,38
6494,549
6495,38
6496,2
6497,2
6498,36
6499,14
6500,38
6501,4
6502,120
6503,104
6504,38
6505,189
6506,600
6507,358
6508,151
6509,116
6510,80
6511,38
6512,33
6513,73
6514,413
6515,39
6516,38
6517,132
6518,120
6519,106
6520,101
6521,38
6522,98
6523,29
6524,69
6525,14
6526,598
6527,36
6528,85
6529,65
6530,39
6531,65
6532,604
6533,38
6534,274
6535,15
6536,188
6537,9
6538,77
6539,4
6540,2
6541,60
6542,38
6543,38
6544,51
6545,8
6546,79
6547,154
6548,528
6549,38
6550,136
6551,38
6552,94
6553,285
6554,116
6555,39
6556,343
6557,38
6558,38
6559,56
6560,274
6561,210
6562,38
6563,58
6564,38
6565,90
6566,154
6567,9
6568,38
6569,73
6570,1
6571,334
6572,132
6573,41
6574,38
6575,39
6576,38
6577,479
6578,560
6579,132
6580,27
6581,38
6582,297
6583,65
6584,12
6585,39
6586,274
6587,39
6588,166
6589,61
6590,333
6591,79
6592,132
6593,104
6594,9
6595,58
6596,56
6597,122
6598,50
6599,38
6600,33
6601,98
6602,27
6603,38
6604,38
6605,38
6606,38
6607,586
6608,9
6609,9
6610,62
6611,98
6612,27
6613,88
6614,50
6615,38
6616,562
6617,140
6618,38
6619,9
6620,71
6621,95
6622,156
6623,38
6624,75
6625,140
6626,14
6627,149
6628,293
6629,413
6630,58
6631,38
6632,466
6633,132
6634,137
6635,36
6636,71
6637,38
6638,120
6639,8
6640,27
6641,38
6642,11
6643,383
6644,461
6645,27
6646,2
6647,166
6648,166
6649,438
6650,210
6651,25
6652,29
6653,33
6654,143
6655,39
6656,38
6657,38
6658,36
6659,586
6660,414
6661,220
6662,466
6663,69
6664,38
6665,321
6666,38
6667,38
6668,38
6669,101
6670,2
6671,461
6672,39
6673,98
6674,120
6675,98
6676,54
6677,14
6678,222
6679,198
6680,80
6681,38
6682,132
6683,56
6684,285
6685,607
6686,562
6687,56
6688,38
6689,410
6690,274
6691,41
6692,38
6693,38
6694,39
6695,39
6696,244
6697,38
6698,69
6699,39
6700,38
6701,10
6702,9
6703,7
6704,268
6705,164
6706,72
6707,54
6708,5
6709,14
6710,38
6711,410
6712,608
6713,38
6714,74
6715,552
6716,28
6717,38
6718,92
6719,442
6720,399
6721,14
6722,213
6723,8
6724,38
6725,38
6726,38
6727,38
6728,14
6729,137
6730,38
6731,385
6732,274
6733,216
6734,72
6735,38
6736,4
6737,38
6738,166
6739,609
6740,41
6741,73
6742,47
6743,180
6744,51
6745,41
6746,143
6747,14
6748,33
6749,33
6750,164
6751,33
6752,56
6753,33
6754,40
6755,38
6756,38
6757,270
6758,90
6759,33
6760,295
6761,137
6762,33
6763,226
6764,123
6765,52
6766,2
6767,14
6768,64
6769,38
6770,38
6771,610
6772,226
6773,39
6774,198
6775,302
6776,38
6777,14
6778,38
6779,70
6780,73
6781,164
6782,33
6783,38
6784,30
6785,27
6786,51
6787,216
6788,334
6789,33
6790,27
6791,466
6792,164
6793,285
6794,231
6795,38
6796,244
6797,53
6798,117
6799,313
6800,11
6801,9
6802,449
6803,361
6804,196
6805,7
6806,28
6807,38
6808,428
6809,224
6810,336
6811,612
6812,80
6813,203
6814,340
6815,613
6816,33
6817,5
6818,120
6819,200
6820,38
6821,166
6822,98
6823,132
6824,72
6825,615
6826,616
6827,38
6828,274
6829,38
6830,71
6831,47
6832,262
6833,131
6834,147
6835,142
6836,7
6837,14
6838,80
6839,72
6840,101
6841,14
6842,27
6843,73
6844,38
6845,6
6846,617
6847,54
6848,73
6849,99
6850,38
6851,38
6852,73
6853,210
6854,36
6855,9
6856,618
6857,33
6858,279
6859,461
6860,27
6861,14
6862,7
6863,120
6864,73
6865,38
6866,70
6867,38
6868,38
6869,39
6870,395
6871,75
6872,592
6873,399
6874,2
6875,38
6876,122
6877,120
6878,9
6879,500
6880,38
6881,58
6882,132
6883,29
6884,38
6885,38
6886,14
6887,73
6888,180
6889,38
6890,38
6891,38
6892,38
6893,38
6894,38
6895,478
6896,56
6897,143
6898,132
6899,86
6900,33
6901,547
6902,417
6903,142
6904,72
6905,9
6906,84
6907,479
6908,38
6909,72
6910,189
6911,619
6912,90
6913,38
6914,210
6915,33
6916,38
6917,9
6918,38
6919,351
6920,132
6921,98
6922,2
6923,31
6924,75
6925,543
6926,36
6927,96
6928,216
6929,65
6930,216
6931,377
6932,33
6933,213
6934,461
6935,620
6936,54
6937,289
6938,29
6939,38
6940,38
6941,180
6942,9
6943,69
6944,99
6945,65
6946,38
6947,166
6948,350
6949,90
6950,224
6951,164
6952,38
6953,14
6954,33
6955,2
6956,30
6957,132
6958,38
6959,38
6960,262
6961,104
6962,38
6963,38
6964,599
6965,117
6966,345
6967,621
6968,38
6969,9
6970,325
6971,460
6972,240
6973,38
6974,222
6975,38
6976,189
6977,14
6978,36
6979,28
6980,65
6981,116
6982,147
6983,38
6984,291
6985,115
6986,419
6987,507
6988,120
6989,73
6990,38
6991,528
6992,27
6993,594
6994,38
6995,38
6996,38
6997,38
6998,622
6999,38
7000,38
7001,98
7002,38
7003,108
7004,116
7005,413
7006,9
7007,222
7008,357
7009,272
7010,39
7011,351
7012,496
7013,117
7014,285
7015,14
7016,120
7017,307
7018,185
7019,471
7020,461
7021,79
7022,9
7023,166
7024,38
7025,127
7026,226
7027,47
7028,38
7029,38
7030,132
7031,38
7032,29
7033,147
7034,38
7035,38
7036,38
7037,38
7038,38
7039,132
7040,132
7041,94
7042,285
7043,9
7044,38
7045,7
7046,132
7047,137
7048,190
7049,113
7050,38
7051,14
7052,36
7053,47
7054,36
7055,625
7056,137
7057,600
7058,233
7059,265
7060,52
7061,7
7062,27
7063,39
7064,24
7065,72
7066,600
7067,500
7068,38
7069,132
7070,38
7071,27
7072,38
7073,38
7074,132
7075,15
7076,158
7077,98
7078,132
7079,130
7080,14
7081,607
7082,38
7083,411
7084,9
7085,7
7086,143
7087,158
7088,216
7089,61
7090,308
7091,38
7092,399
7093,38
7094,219
7095,14
7096,98
7097,218
7098,143
7099,84
7100,350
7101,14
7102,627
7103,73
7104,9
7105,47
7106,356
7107,584
7108,39
7109,8
7110,98
7111,181
7112,53
7113,38
7114,63
7115,30
7116,38
7117,180
7118,71
7119,38
7120,38
7121,38
7122,198
7123,137
7124,321
7125,50
7126,143
7127,38
7128,180
7129,33
7130,143
7131,14
7132,52
7133,132
7134,268
7135,8
7136,132
7137,7
7138,11
7139,14
7140,132
7141,36
7142,62
7143,38
7144,395
7145,33
7146,38
7147,38
7148,38
7149,14
7150,258
7151,154
7152,140
7153,161
7154,143
7155,27
7156,14
7157,507
7158,115
7159,38
7160,38
7161,488
7162,38
7163,39
7164,166
7165,40
7166,461
7167,116
7168,166
7169,39
7170,602
7171,535
7172,143
7173,33
7174,9
7175,27
7176,90
7177,38
7178,132
7179,36
7180,357
7181,9
7182,158
7183,38
7184,58
7185,28
7186,274
7187,321
7188,218
7189,54
7190,9
7191,52
7192,166
7193,12
7194,222
7195,268
7196,461
7197,33
7198,158
7199,38
7200,73
7201,143
7202,38
7203,38
7204,38
7205,99
7206,461
7207,37
7208,128
7209,33
7210,100
7211,33
7212,27
7213,27
7214,302
7215,9
7216,38
7217,117
7218,38
7219,72
7220,38
7221,629
7222,141
7223,27
7224,563
7225,99
7226,38
7227,132
7228,12
7229,74
7230,630
7231,131
7232,240
7233,33
7234,481
7235,7
7236,2
7237,38
7238,606
7239,62
7240,108
7241,285
7242,38
7243,54
7244,41
7245,262
7246,553
7247,120
7248,120
7249,38
7250,9
7251,158
7252,351
7253,274
7254,8
7255,9
7256,9
7257,158
7258,482
7259,72
7260,38
7261,54
7262,73
7263,137
7264,52
7265,39
7266,38
7267,133
7268,143
7269,99
7270,38
7271,132
7272,38
7273,38
7274,25
7275,98
7276,98
7277,38
7278,515
7279,28
7280,632
7281,132
7282,132
7283,164
7284,456
7285,38
7286,58
7287,38
7288,132
7289,420
7290,38
7291,27
7292,117
7293,9
7294,38
7295,38
7296,55
7297,298
7298,141
7299,268
7300,8
7301,258
7302,105
7303,33
7304,304
7305,98
7306,41
7307,99
7308,116
7309,38
7310,117
7311,54
7312,132
7313,38
7314,9
7315,27
7316,38
7317,626
7318,38
7319,38
7320,226
7321,143
7322,65
7323,132
7324,132
7325,143
7326,381
7327,25
7328,38
7329,33
7330,132
7331,27
7332,220
7333,351
7334,33
7335,474
7336,98
7337,75
7338,239
7339,149
7340,121
7341,36
7342,551
7343,400
7344,39
7345,354
7346,351
7347,633
7348,308
7349,33
7350,8
7351,132
7352,56
7353,33
7354,54
7355,137
7356,36
7357,137
7358,25
7359,143
7360,65
7361,634
7362,132
7363,153
7364,132
7365,38
7366,274
7367,635
7368,249
7369,120
7370,8
7371,233
7372,85
7373,38
7374,132
7375,19
7376,158
7377,132
7378,22
7379,216
7380,38
7381,25
7382,38
7383,38
7384,509
7385,59
7386,38
7387,274
7388,38
7389,33
7390,166
7391,132
7392,8
7393,198
7394,38
7395,122
7396,33
7397,38
7398,72
7399,70
7400,98
7401,53
7402,70
7403,38
7404,192
7405,38
7406,38
7407,522
7408,38
7409,72
7410,38
7411,65
7412,38
7413,38
7414,56
7415,467
7416,189
7417,268
7418,306
7419,33
7420,361
7421,636
7422,41
7423,41
7424,12
7425,143
7426,2
7427,47
7428,8
7429,38
7430,38
7431,151
7432,39
7433,637
7434,116
7435,39
7436,54
7437,65
7438,38
7439,132
7440,108
7441,562
7442,583
7443,39
7444,8
7445,61
7446,14
7447,38
7448,39
7449,538
7450,268
7451,39
7452,143
7453,1
7454,65
7455,124
7456,281
7457,59
7458,413
7459,233
7460,73
7461,452
7462,361
7463,38
7464,108
7465,33
7466,141
7467,27
7468,65
7469,436
7470,14
7471,132
7472,38
7473,639
7474,79
7475,33
7476,38
7477,120
7478,479
7479,7
7480,553
7481,321
7482,99
7483,340
7484,105
7485,38
7486,59
7487,38
7488,116
7489,632
7490,137
7491,322
7492,140
7493,143
7494,36
7495,98
7496,70
7497,71
7498,27
7499,36
7500,132
7501,441
7502,39
7503,38
7504,274
7505,132
7506,640
7507,121
7508,9
7509,9
7510,641
7511,165
7512,30
7513,310
7514,63
7515,38
7516,29
7517,216
7518,143
7519,38
7520,410
7521,304
7522,104
7523,132
7524,132
7525,643
7526,38
7527,395
7528,132
7529,38
7530,189
7531,75
7532,180
7533,274
7534,218
7535,559
7536,59
7537,38
7538,601
7539,56
7540,38
7541,54
7542,22
7543,33
7544,306
7545,38
7546,101
7547,38
7548,35
7549,27
7550,158
7551,143
7552,132
7553,226
7554,65
7555,38
7556,39
7557,38
7558,38
7559,38
7560,646
7561,198
7562,140
7563,30
7564,38
7565,321
7566,312
7567,289
7568,8
7569,143
7570,38
7571,9
7572,361
7573,647
7574,166
7575,599
7576,198
7577,88
7578,132
7579,38
7580,39
7581,426
7582,375
7583,624
7584,38
7585,196
7586,444
7587,38
7588,38
7589,38
7590,136
7591,132
7592,6
7593,9
7594,216
7595,132
7596,312
7597,39
7598,548
7599,38
7600,79
7601,120
7602,33
7603,38
7604,27
7605,503
7606,52
7607,320
7608,160
7609,38
7610,8
7611,38
7612,361
7613,38
7614,180
7615,35
7616,8
7617,343
7618,418
7619,9
7620,226
7621,39
7622,38
7623,648
7624,7
7625,168
7626,38
7627,38
7628,9
7629,75
7630,36
7631,38
7632,38
7633,649
7634,650
7635,299
7636,137
7637,38
7638,626
7639,14
7640,65
7641,412
7642,33
7643,116
7644,289
7645,279
7646,132
7647,274
7648,266
7649,177
7650,579
7651,38
7652,132
7653,38
7654,274
7655,338
7656,262
7657,33
7658,132
7659,72
7660,652
7661,38
7662,38
7663,401
7664,132
7665,233
7666,164
7667,84
7668,196
7669,132
7670,132
7671,132
7672,7
7673,527
7674,86
7675,38
7676,38
7677,38
7678,72
7679,108
7680,143
7681,289
7682,25
7683,143
7684,653
7685,427
7686,73
7687,143
7688,38
7689,654
7690,38
7691,655
7692,562
7693,332
7694,143
7695,375
7696,160
7697,132
7698,213
7699,222
7700,132
7701,36
7702,158
7703,51
7704,38
7705,132
7706,268
7707,73
7708,132
7709,139
7710,294
7711,38
7712,38
7713,75
7714,657
7715,166
7716,624
7717,378
7718,233
7719,36
7720,38
7721,7
7722,143
7723,38
7724,105
7725,6
7726,116
7727,198
7728,158
7729,36
7730,274
7731,38
7732,151
7733,579
7734,33
7735,7
7736,88
7737,72
7738,38
7739,315
7740,62
7741,6
7742,14
7743,10
7744,306
7745,30
7746,296
7747,27
7748,658
7749,50
7750,233
7751,605
7752,38
7753,38
7754,38
7755,73
7756,132
7757,38
7758,422
7759,523
7760,72
7761,9
7762,116
7763,38
7764,265
7765,38
7766,203
7767,28
7768,38
7769,33
7770,123
7771,378
7772,340
7773,383
7774,6
7775,439
7776,99
7777,61
7778,262
7779,39
7780,41
7781,404
7782,38
7783,141
7784,120
7785,140
7786,38
7787,375
7788,132
7789,268
7790,99
7791,54
7792,38
7793,72
7794,361
7795,80
7796,33
7797,14
7798,116
7799,279
7800,36
7801,627
7802,25
7803,75
7804,661
7805,127
7806,395
7807,143
7808,38
7809,433
7810,662
7811,640
7812,132
7813,663
7814,36
7815,197
7816,38
7817,33
7818,664
7819,33
7820,503
7821,575
7822,449
7823,38
7824,98
7825,289
7826,38
7827,38
7828,247
7829,99
7830,38
7831,39
7832,279
7833,189
7834,36
7835,11
7836,100
7837,73
7838,663
7839,665
7840,39
7841,39
7842,9
7843,9
7844,38
7845,304
7846,35
7847,38
7848,132
7849,216
7850,90
7851,361
7852,1
7853,498
7854,218
7855,38
7856,233
7857,33
7858,132
7859,226
7860,575
7861,59
7862,580
7863,474
7864,38
7865,220
7866,54
7867,38
7868,38
7869,224
7870,656
7871,52
7872,33
7873,1
7874,667
7875,38
7876,38
7877,132
7878,108
7879,288
7880,410
7881,298
7882,72
7883,30
7884,121
7885,50
7886,233
7887,59
7888,62
7889,72
7890,644
7891,149
7892,38
7893,27
7894,27
7895,274
7896,38
7897,38
7898,143
7899,196
7900,351
7901,668
7902,14
7903,599
7904,662
7905,100
7906,132
7907,38
7908,9
7909,351
7910,571
7911,621
7912,33
7913,216
7914,137
7915,28
7916,394
7917,233
7918,233
7919,120
7920,108
7921,670
7922,38
7923,65
7924,104
7925,59
7926,52
7927,386
7928,143
7929,671
7930,71
7931,7
7932,262
7933,38
7934,361
7935,138
7936,14
7937,17
7938,53
7939,399
7940,361
7941,395
7942,73
7943,378
7944,7
7945,36
7946,274
7947,38
7948,233
7949,53
7950,38
7951,38
7952,631
7953,38
7954,401
7955,121
7956,38
7957,98
7958,224
7959,137
7960,270
7961,38
7962,33
7963,662
7964,33
7965,54
7966,38
7967,578
7968,38
7969,233
7970,105
7971,274
7972,38
7973,98
7974,672
7975,141
7976,322
7977,265
7978,71
7979,67
7980,216
7981,38
7982,38
7983,669
7984,383
7985,38
7986,8
7987,497
7988,9
7989,65
7990,33
7991,33
7992,407
7993,52
7994,673
7995,527
7996,292
7997,163
7998,38
7999,39
8000,137
8001,143
8002,51
8003,132
8004,476
8005,117
8006,15
8007,599
8008,401
8009,613
8010,33
8011,131
8012,662
8013,38
8014,674
8015,72
8016,38
8017,2
8018,143
8019,675
8020,515
8021,38
8022,649
8023,8
8024,292
8025,88
8026,457
8027,659
8028,95
8029,156
8030,38
8031,38
8032,180
8033,99
8034,607
8035,38
8036,590
8037,7
8038,98
8039,677
8040,366
8041,649
8042,88
8043,224
8044,44
8045,98
8046,164
8047,33
8048,292
8049,249
8050,38
8051,38
8052,38
8053,143
8054,14
8055,132
8056,358
8057,143
8058,252
8059,8
8060,143
8061,40
8062,8
8063,198
8064,38
8065,678
8066,100
8067,8
8068,28
8069,656
8070,599
8071,662
8072,679
8073,9
8074,8
8075,680
8076,99
8077,14
8078,38
8079,521
8080,147
8081,515
8082,38
8083,395
8084,8
8085,262
8086,35
8087,156
8088,62
8089,47
8090,38
8091,38
8092,560
8093,35
8094,340
8095,156
8096,659
8097,203
8098,38
8099,41
8100,70
8101,99
8102,156
8103,316
8104,600
8105,38
8106,559
8107,130
8108,233
8109,681
8110,33
8111,120
8112,38
8113,166
8114,72
8115,7
8116,675
8117,39
8118,682
8119,426
8120,354
8121,164
8122,683
8123,33
8124,132
8125,36
8126,151
8127,216
8128,54
8129,459
8130,99
8131,38
8132,262
8133,684
8134,454
8135,38
8136,40
8137,136
8138,133
8139,54
8140,298
8141,35
8142,351
8143,85
8144,67
8145,98
8146,321
8147,62
8148,481
8149,164
8150,513
8151,450
8152,685
8153,36
8154,351
8155,38
8156,218
8157,258
8158,592
8159,189
8160,686
8161,687
8162,445
8163,676
8164,8
8165,117
8166,27
8167,33
8168,156
8169,156
8170,680
8171,38
8172,38
8173,252
8174,38
8175,262
8176,515
8177,33
8178,38
8179,96
8180,262
8181,688
8182,40
8183,515
8184,52
8185,40
8186,607
8187,38
8188,38
8189,156
8190,38
8191,622
8192,38
8193,38
8194,54
8195,38
8196,38
8197,38
8198,38
8199,38
8200,351
8201,130
8202,597
8203,147
8204,38
8205,680
8206,38
8207,52
8208,38
8209,449
8210,108
8211,368
8212,680
8213,38
8214,132
8215,38
8216,518
8217,233
8218,38
8219,38
8220,7
8221,38
8222,515
8223,52
8224,284
8225,481
8226,689
8227,33
8228,351
8229,85
8230,39
8231,38
8232,379
8233,613
8234,38
8235,46
8236,38
8237,38
8238,38
8239,38
8240,36
8241,613
8242,38
8243,560
8244,27
8245,38
8246,375
8247,7
8248,540
8249,38
8250,38
8251,38
8252,690
8253,255
8254,515
8255,30
